{
  "Reagente": {
    "Li2CO3": {
      "cofieciente": 0.5,
      "peso molecular": 73.8909,
      "mol": 0.006099287,
      "massa": 0.4507
    },
    "Nb2O5": {
      "cofieciente": 0.5,
      "peso molecular": 73.8909,
      "mol": 0.006099287,
      "massa": 0.4507
    }
  },
  "Produto": {
    "Li1.0Nb2.99Sn0.01O8": {
      "cofieciente": 1.0,
      "peso molecular": 413.9827862,
      "mol": 0.012077797,
      "mass": 5.0
    },
    "CO2": {
      "cofieciente": 0.505,
      "peso molecular": 44.0095,
      "mol": 0.006099287,
      "massa": 0.2684
    }
  }
}
